TIME (days),BRIGHTNESS (mag)
2.9071729999997507,15.595996815025561,0.0
1.903956000000404,15.631715743814016,0.0
1.8376490000005008,15.599793668572968,0.0
1.782472000000464,15.57037194255654,0.0
1.6954265000003006,15.532452981521711,0.0
0.6593825000001954,15.373152910419096,0.0
2.6191755000003343,15.702983978048767,0.0
1.5204730000003055,15.507593421639784,0.0
1.3508884999999382,15.53465586448268,0.0
2.216936000000004,15.646597939022682,0.0
0.10524349999980265,15.189689234886416,0.0
2.999796500000038,15.412952061279064,0.0
0.9760910000004825,15.44747563781446,0.0
2.0603824999999376,15.649764117972818,0.0
0.9446355000002575,15.412799927125683,0.0
1.9584370000005586,15.609695102052806,0.0
0.812301499999744,15.394943204814735,0.0
2.796152999999946,15.715228694233176,0.0
0.7861259999998307,15.375316606401839,0.0
1.7823875000003055,15.554944040869183,0.0
0.6833505000005009,15.403264571226376,0.0
1.7415819999998128,15.600014550714059,0.0
2.737273500000135,15.72890491128733,0.0
0.644956499999735,15.333019545546977,0.0
0.5760395000002823,15.314226859019652,0.0
1.6266710000005924,15.568326103265399,0.0
2.546182499999983,15.695349487545071,0.0
1.504795499999918,15.540152895637624,0.0
0.45951849999989713,15.250097694553018,0.0
1.4222300000002672,15.522398646844113,0.0
1.4635330000003863,15.496680276228114,0.0
1.4234559999999696,15.49898862286959,0.0
2.4402775000003767,15.69870782674573,0.0
0.3688504999997577,15.28581669917219,0.0
1.2845820000000518,15.47714699732061,0.0
0.2820250000004032,15.26406167312695,0.0
1.3069365000001665,15.501049102439326,0.0
2.270998000000084,15.66546749479002,0.0
0.22637100000001364,15.18427514722746,0.0
1.221772500000386,15.475052836408972,0.0
0.1676455000001993,15.187852863472093,0.0
0.09906000000026793,15.220729876495374,0.0
1.0397215000001476,15.447361859211183,0.0
0.9720745000004443,15.422135720217105,0.0
0.9582874999998174,15.40919994547246,0.0
1.8673590000001008,15.574997759225447,0.0
2.8635205000003734,15.652823150729832,0.0
0.829203499999966,15.386790063900362,0.0
1.8526150000003332,15.564258506432955,0.0
0.7797980000002678,15.40320863211719,0.0
1.739271000000305,15.559753614991159,0.0
2.756402500000157,15.69325947151474,0.0
2.725735500000311,15.691424179252348,0.0
0.6849485000005502,15.323104500191091,0.0
1.6424099999998507,15.553411787875858,0.0
2.5765729999998976,15.698004252483335,0.0
1.5538659999999638,15.510696262471553,0.0
1.5096590000001973,15.528149478193162,0.0
1.4775954999999459,15.491309372236138,0.0
0.31927299999992176,15.273318836817554,0.0
0.31151599999975943,15.244520797536085,0.0
1.2532575000005504,15.457606201793846,0.0
0.20561050000037406,15.208639113074163,0.0
1.2464620000003652,15.490908232908774,0.0
2.1764535000005814,15.590731195377705,0.0
0.09605650000009947,15.20870329057826,0.0
2.1214980000001162,15.619580317239393,0.0
1.0979009999999283,15.465630567583318,0.0
2.997494000000172,15.427561826050473,0.0
2.0093669999997887,15.65700054935869,0.0
1.9513700000000505,15.610602854764808,0.0
2.965311500000453,15.495106244115862,0.0
0.8636645000001892,15.409360458497861,0.0
0.786067499999914,15.358901088372747,0.0
1.8427490000001834,15.587614615158556,0.0
1.8812020000004495,15.595561323689033,0.0
2.793203500000384,15.722517243509143,0.0
0.7314964999997806,15.352462615924152,0.0
1.7557180000006039,15.527723218294474,0.0
2.6947395000000767,15.681404476572633,0.0
0.7224025000000727,15.343597362900619,0.0
1.6434040000000216,15.554255902021687,0.0
2.624485500000169,15.707048195686813,0.0
1.564900000000252,15.556171122741008,0.0
0.6628929999998059,15.362888719199203,0.0
1.5119045000002953,15.52538914339486,0.0
2.471475999999953,15.654992604547367,0.0
0.5437790000000211,15.293672817095796,0.0
1.3981404999999634,15.494881536574178,0.0
1.4540220000004336,15.510857783487115,0.0
2.40686350000003,15.647357808894995,0.0
1.4121265000001917,15.491546971188875,0.0
2.302717999999839,15.680747783483188,0.0
2.270451000000395,15.666851953861972,0.0
0.2710840000001955,15.244672610059393,0.0
0.2211970000002177,15.20502558415966,0.0
1.200348500000008,15.461822030381033,0.0
2.1280499999998668,15.654044536571265,0.0
0.09531300000047249,15.172438631481278,0.0
1.0145545000003175,15.431678232063936,0.0
2.1177845000000297,15.621142631755259,0.0
0.12117600000046558,15.19352858400647,0.0
1.9849659999998917,15.603806841991993,0.0
0.09697750000030103,15.224849045716859,0.0
1.9504274999999125,15.600245795512746,0.0
2.046499000000094,15.617494845417463,0.0
0.9552919999998473,15.420919904646967,0.0
0.9526435000000713,15.390097725656737,0.0
1.9732649999999792,15.591561208432616,0.0
0.9179779999999926,15.438302992809795,0.0
1.9103095000006127,15.576775968203282,0.0
2.7991024999999294,15.675711308885813,0.0
0.7623254999998212,15.363118939199147,0.0
2.68914000000059,15.658945189273666,0.0
1.6703129999999549,15.582100864362689,0.0
0.6367460000006098,15.365088229582446,0.0
1.605807499999727,15.520356394627978,0.0
2.5458455000000124,15.730844314868367,0.0
0.42789450000028184,15.258550668560698,0.0
2.3672075000002866,15.634658002341633,0.0
0.3145304999998495,15.221064539588635,0.0
1.2816249999998748,15.462558532383177,0.0
0.22176100000033738,15.179190632451604,0.0
2.1800840000003223,15.625935045055247,0.0
1.0470285000001351,15.4141884867262,0.0
1.9612614999997962,15.638871866907266,0.0
1.9952645000006108,15.584052351653245,0.0
0.9678275000001135,15.431887014574354,0.0
1.9203290000001134,15.592277890020094,0.0
1.9016849999997332,15.587397692923886,0.0
0.8086539999998408,15.392176653166374,0.0
1.6310460000004703,15.589150808413857,0.0
1.4014279999998536,15.485030970535785,0.0
2.296317000000447,15.620038066210846,0.0
1.2051999999997456,15.43190838154726,0.0
1.1744345000002796,15.455424929558028,0.0
2.0849319999997604,15.616926102551007,0.0
0.7354944999999415,15.378333845454643,0.0
2.2593609999997986,15.673333239795427,0.0
1.9252464999997536,15.605191264766699,0.0
1.7385399999998388,15.543470154692152,0.0
1.7030690000001405,15.549318925081455,0.0
1.4209795000002212,15.45843553913339,0.0
2.4758910000006393,15.711350232239035,0.0
0.36833400000051775,15.240010248641529,0.0
1.2840755000005593,15.495152466922805,0.0
0.26571700000020204,15.18956186117771,0.0
0.24977850000055613,15.273858936086024,0.0
0.3134600000004326,15.237195417671833,0.0
1.2386914999999337,15.469948325842887,0.0
1.6500285000001456,15.56156641659111,0.0
1.3002610000004777,15.4706909304329,0.0
1.2082630000002856,15.431334157347203,0.0
0.9270410000006502,15.416113409506828,0.0
0.8184729999997744,15.36781963389709,0.0
1.723490500000358,15.531625932821711,0.0
2.5917794999998978,15.715131918976535,0.0
0.5026569999997834,15.292762886431179,0.0
1.4368585000000569,15.510686096288845,0.0
1.4722799999998877,15.517483735429778,0.0
0.37157300000043403,15.286363488756349,0.0
1.2975360000002656,15.469418551564647,0.0
1.0464095000006508,15.401499436645716,0.0
2.0503625000002548,15.617005107128682,0.0
0.9121015000006429,15.390667714042232,0.0
0.4942779999999374,15.294760743225027,0.0
2.3878655000000477,15.631417478716466,0.0
1.233737500000513,15.482315553517989,0.0
2.0235940000000063,15.574062680462005,0.0
1.8071645000002943,15.569650947828109,0.0
2.7241650000004443,15.727804464052802,0.0
2.6040310000000515,15.708379036763517,0.0
0.45371150000009264,15.270756361740107,0.0
0.31486049999992405,15.255026427244754,0.0
2.127041000000511,15.676015694464548,0.0
3.0160685,15.394184539246822,0.0
4.909230000000207,15.61888249177227,0.0
5.923241499999751,15.645778236583796,0.0
4.9200245000004035,15.553860880217512,0.0
4.853717500000501,15.587713740254262,0.0
4.798540500000463,15.582227284751927,0.0
4.7114950000003,15.569858223747401,0.0
3.675451000000195,15.341502492242126,0.0
5.635244000000334,15.686992241153572,0.0
4.536541500000306,15.495937808403381,0.0
4.366956999999938,15.535060567831168,0.0
5.233004500000003,15.62651021727419,0.0
3.1213119999998025,15.190277670077528,0.0
6.015865000000038,15.364969927381797,0.0
3.9921595000004824,15.404908239162008,0.0
5.076450999999937,15.651258956763753,0.0
3.9607040000002574,15.416386685431318,0.0
4.974505500000559,15.60845455026684,0.0
3.828369999999744,15.402005632130038,0.0
5.812221499999946,15.670696571515045,0.0
3.8021944999998305,15.361151366335209,0.0
4.798456000000305,15.597838914518205,0.0
3.6994190000005007,15.339276521920604,0.0
4.757650499999812,15.586648043641794,0.0
5.753342000000135,15.69450602694206,0.0
3.661024999999735,15.332771751025723,0.0
3.592108000000282,15.344260443003657,0.0
4.642739500000593,15.544424910259062,0.0
5.562250999999983,15.73136818298099,0.0
4.520863999999918,15.539239393039859,0.0
3.475586999999897,15.282536812390182,0.0
4.438298500000267,15.480808792283511,0.0
4.479601500000387,15.543020324283027,0.0
4.439524499999969,15.507775679143698,0.0
5.4563460000003765,15.712836233979209,0.0
3.3849189999997575,15.296151380439108,0.0
4.300650500000051,15.501450173854781,0.0
3.298093500000403,15.220684471356693,0.0
4.323005000000166,15.44731713263043,0.0
5.287066500000083,15.648023537203747,0.0
3.2424395000000135,15.208921079611223,0.0
4.237841000000386,15.457386644542243,0.0
3.183714000000199,15.163085133995756,0.0
3.1151285000002678,15.195789147347705,0.0
4.055790000000147,15.45012407847579,0.0
3.988143000000444,15.416995473222686,0.0
3.9743559999998173,15.435943368633723,0.0
4.883427500000101,15.58103706566234,0.0
5.879589000000373,15.646590585284946,0.0
3.845271999999966,15.388011475923022,0.0
4.8686835000003335,15.594239892660335,0.0
3.7958665000002676,15.408236182698474,0.0
4.755339500000305,15.551337319221856,0.0
5.772471000000157,15.702692512504587,0.0
5.741804000000311,15.69252726326375,0.0
3.70101700000055,15.33207069649866,0.0
4.65847849999985,15.569807503964386,0.0
5.592641499999898,15.737050695191773,0.0
4.569934499999963,15.525963735714198,0.0
4.5257275000001975,15.53621925930815,0.0
4.493663999999946,15.501187882205382,0.0
3.3353414999999216,15.255964417438806,0.0
3.3275844999997592,15.257268585727287,0.0
4.26932600000055,15.463699948647244,0.0
3.221679000000374,15.214998348170058,0.0
4.262530500000365,15.476731637181041,0.0
5.192522000000581,15.611834373982417,0.0
3.1121250000000993,15.212080194497918,0.0
5.137566500000116,15.637230837584733,0.0
4.113969499999929,15.435438262901949,0.0
6.013562500000171,15.403828494835082,0.0
5.025435499999789,15.566321184323856,0.0
4.96743850000005,15.603042911542083,0.0
5.981380000000453,15.48881545647152,0.0
3.879733000000189,15.375898088726986,0.0
3.802135999999914,15.37735577092746,0.0
4.858817500000184,15.602724928193688,0.0
4.897270500000449,15.591337418854405,0.0
5.809272000000384,15.713278992833137,0.0
3.7475649999997804,15.361300672882113,0.0
4.771786500000603,15.592036233987539,0.0
5.7108080000000765,15.692567514289635,0.0
3.7384710000000725,15.354312483022658,0.0
4.659472500000021,15.51618570838588,0.0
5.640554000000169,15.696504119925526,0.0
4.580968500000251,15.53874763689129,0.0
3.6789614999998057,15.359174009825516,0.0
4.527973000000295,15.505723798448617,0.0
5.487544499999952,15.684528856418487,0.0
3.559847500000021,15.297553836320805,0.0
4.414208999999963,15.503194447559885,0.0
4.470090500000433,15.54581420267402,0.0
5.42293200000003,15.695935960905954,0.0
4.4281950000001915,15.4926247207886,0.0
5.318786499999838,15.690317654588773,0.0
5.286519500000395,15.643245057733129,0.0
3.2871525000001953,15.172069159097646,0.0
3.2372655000002175,15.17198633333737,0.0
4.216417000000008,15.473090892425775,0.0
5.144118499999866,15.620409023430453,0.0
3.1113815000004723,15.203641488260452,0.0
4.030623000000317,15.424242194691898,0.0
5.1338530000000295,15.6236902510005,0.0
3.1372445000004654,15.168668253900583,0.0
5.001034499999891,15.635337571643607,0.0
3.113046000000301,15.248023017142527,0.0
4.966495999999912,15.6022359439912,0.0
5.062567500000094,15.61486148450595,0.0
3.971360499999847,15.440588373118832,0.0
3.968712000000071,15.438976210400169,0.0
4.989333499999979,15.58289357392588,0.0
3.9340464999999925,15.449416600786368,0.0
4.9263780000006125,15.601199276440386,0.0
5.815170999999929,15.630485032577996,0.0
3.778393999999821,15.411899838345732,0.0
5.705208500000589,15.689167638748284,0.0
4.686381499999955,15.615888199160665,0.0
3.6528145000006096,15.370306721013748,0.0
4.621875999999727,15.546626711562826,0.0
5.561914000000012,15.710786689001509,0.0
3.4439630000002817,15.252373536849328,0.0
5.383276000000286,15.648202093126363,0.0
3.3305989999998493,15.203759240975204,0.0
4.297693499999875,15.469332695437833,0.0
3.237829500000337,15.183463805148962,0.0
5.196152500000322,15.639486446869478,0.0
4.063097000000135,15.40936911776887,0.0
4.977329999999796,15.613324706168525,0.0
5.011333000000611,15.60048731267458,0.0
3.9838960000001133,15.413308092774956,0.0
4.936397500000114,15.60005715123923,0.0
4.917753499999733,15.613079202826254,0.0
3.8247224999998406,15.385862728823401,0.0
4.64711450000047,15.525765663809548,0.0
4.417496499999853,15.531975968996273,0.0
5.312385500000447,15.642203791005356,0.0
4.221268499999745,15.46716474587785,0.0
4.190503000000279,15.47592763559593,0.0
5.10100049999976,15.606393117248938,0.0
3.7515629999999414,15.403177848240043,0.0
5.275429499999799,15.656365065471634,0.0
4.941314999999753,15.621163499817877,0.0
4.754608499999838,15.586045296593214,0.0
4.719137500000141,15.546667759966597,0.0
4.437048000000221,15.52734385081587,0.0
5.49195950000064,15.669195803568435,0.0
3.3844025000005176,15.22251146495874,0.0
4.300144000000559,15.48664005428818,0.0
3.281785500000202,15.20186761804127,0.0
3.265847000000556,15.165726670120284,0.0
3.3295285000004324,15.252669339256103,0.0
4.2547599999999335,15.482909041417294,0.0
4.666097000000145,15.557374492539422,0.0
4.316329500000478,15.458667318180991,0.0
4.224331500000286,15.459534448364868,0.0
3.94310950000065,15.374372885235116,0.0
3.8345414999997742,15.367991636336663,0.0
4.739559000000358,15.569236412795659,0.0
5.607847999999898,15.728925300045187,0.0
3.5187254999997832,15.276566267056992,0.0
4.452927000000057,15.510152914094203,0.0
4.488348499999887,15.536182957146654,0.0
3.387641500000434,15.240179306779293,0.0
4.313604500000265,15.43614184080552,0.0
4.062478000000651,15.416553497450016,0.0
5.066431000000255,15.625113890662071,0.0
3.9281700000006428,15.437028938581307,0.0
3.510346499999937,15.29038983546794,0.0
5.4039340000000475,15.668920999514512,0.0
4.249806000000513,15.483643020493869,0.0
5.039662500000006,15.592364695772718,0.0
4.823233000000294,15.55503579706848,0.0
5.7402335000004445,15.689711210970524,0.0
5.620099500000052,15.703104144010036,0.0
3.4697800000000925,15.286563584222765,0.0
3.330928999999924,15.222704711221942,0.0
5.143109500000511,15.598789112049007,0.0
6.032137,15.370327067873205,0.0
7.925298500000206,15.598330968070844,0.0
8.93930999999975,16.183977617038074,0.6
7.936093000000404,15.62570693649826,0.0
7.8697860000005,15.567919065870791,0.0
7.8146090000004635,15.587184629273331,0.0
7.727563500000301,15.591015489264585,0.0
6.6915195000001955,15.35799339054044,0.0
8.651312500000333,16.28503539845175,0.6
7.552610000000305,15.52978382593369,0.0
7.383025499999938,15.529689573115624,0.0
8.249073000000003,16.23307761535835,0.6
6.137380499999802,15.182837058028301,0.0
9.031933500000038,16.000155628130265,0.6
7.008228000000482,15.43326704229587,0.0
8.092519499999938,16.227211383216876,0.6
6.976772500000257,15.43150210506717,0.0
7.990574000000558,15.639442628763534,0.0
6.844438499999743,15.387915828228362,0.0
8.828289999999946,16.262757046163323,0.6
6.81826299999983,15.398981997713369,0.0
7.814524500000305,15.564817635557347,0.0
6.715487500000501,15.359698227338171,0.0
7.773718999999812,15.579875929050683,0.0
8.769410500000134,16.285589359466027,0.6
6.677093499999735,15.365026669272265,0.0
6.6081765000002815,15.301709546059929,0.0
7.658808000000592,15.589849702012431,0.0
8.578319499999983,16.282302603884776,0.6
7.536932499999917,15.560624753412343,0.0
6.491655499999897,15.256097958337135,0.0
7.454367000000267,15.515638630124819,0.0
7.495670000000386,15.48010230445924,0.0
7.455592999999969,15.538026353376218,0.0
8.472414500000376,16.301226381758482,0.6
6.400987499999758,15.224874215243164,0.0
7.3167190000000515,15.452529602424416,0.0
6.314162000000403,15.248737079650727,0.0
7.339073500000167,15.503391041877743,0.0
8.303135000000083,16.23852172508812,0.6
6.258508000000013,15.204674536229037,0.0
7.253909500000386,15.504921394481896,0.0
6.1997825000001985,15.212607389023562,0.0
6.131197000000268,15.205720370021895,0.0
7.071858500000147,15.399758326545184,0.0
7.004211500000444,15.44853571641696,0.0
6.990424499999817,15.413187684554002,0.0
7.8994960000001,15.592773874202177,0.0
8.895657500000373,16.27012118973225,0.6
6.861340499999965,15.386156516260488,0.0
7.884752000000333,15.618668938889758,0.0
6.811935000000267,15.377153919226167,0.0
7.771408000000305,15.573207040410704,0.0
8.788539500000157,16.347796754466295,0.6
8.75787250000031,16.33599713100742,0.6
6.71708550000055,15.368870872786863,0.0
7.67454699999985,15.566569209403582,0.0
8.608709999999897,16.29571273390793,0.6
7.586002999999963,15.547989787057329,0.0
7.541796000000197,15.533880297151969,0.0
7.509732499999945,15.534694706315749,0.0
6.351409999999921,15.23058828760301,0.0
6.343652999999759,15.250458316785831,0.0
7.2853945000005496,15.462470276012661,0.0
6.237747500000374,15.208928143977424,0.0
7.278599000000365,15.478947147008979,0.0
8.20859050000058,16.22110098930425,0.6
6.1281935000000995,15.241129998643377,0.0
8.153635000000115,16.21436060510137,0.6
7.130037999999928,15.453909136778107,0.0
9.029631000000172,16.035552998330115,0.6
8.041503999999788,16.187492841710622,0.6
7.98350700000005,15.591613135962753,0.0
8.997448500000452,16.070971696747552,0.6
6.895801500000189,15.35075875107897,0.0
6.818204499999913,15.383336971088394,0.0
7.874886000000183,15.606240509371597,0.0
7.913339000000449,15.620777491733095,0.0
8.825340500000383,16.306767692670718,0.6
6.763633499999781,15.36448889875181,0.0
7.7878550000006035,15.586626757439051,0.0
8.726876500000076,16.284448268707756,0.6
6.754539500000073,15.357920878560822,0.0
7.675541000000021,15.530402158278624,0.0
8.656622500000168,16.324158279634126,0.6
7.597037000000252,15.539249066360242,0.0
6.6950299999998055,15.385346113670337,0.0
7.544041500000295,15.521657944973569,0.0
8.503612999999952,16.31389854511883,0.6
6.575916000000021,15.289525263914465,0.0
7.4302774999999635,15.524214341451435,0.0
7.486159000000433,15.506850481813926,0.0
8.439000500000029,16.267708362875872,0.6
7.444263500000192,15.521218998667878,0.0
8.334854999999838,16.25376841299254,0.6
8.302588000000394,16.26378198793534,0.6
6.303221000000195,15.163595480312708,0.0
6.253334000000217,15.19842803149501,0.0
7.232485500000008,15.45773206075857,0.0
8.160186999999866,16.234789402119382,0.6
6.127450000000472,15.211829758327307,0.0
7.046691500000318,15.42698017824913,0.0
8.14992150000003,16.242563066253478,0.6
6.153313000000465,15.183282221813958,0.0
8.017102999999892,16.193492619788756,0.6
6.1291145000003,15.198415496405717,0.0
7.982564499999912,15.59192011197747,0.0
8.078636000000094,16.220967973499036,0.6
6.987428999999847,15.404660937297013,0.0
6.9847805000000704,15.417065443985182,0.0
8.005401999999979,16.24165588778007,0.6
6.950114999999992,15.42772350730051,0.0
7.942446500000612,15.61378611270232,0.0
8.83123949999993,16.302718577381597,0.6
6.79446249999982,15.401048659770902,0.0
8.72127700000059,16.288825515029234,0.6
7.7024499999999545,15.553394419354738,0.0
6.668883000000609,15.342778277964142,0.0
7.637944499999726,15.533309549369939,0.0
8.577982500000012,16.26355222041255,0.6
6.460031500000282,15.276509243675504,0.0
8.399344500000286,16.29615261415601,0.6
6.34666749999985,15.24898336744464,0.0
7.313761999999874,15.447379432462856,0.0
6.253898000000337,15.22830069158518,0.0
8.212221000000323,16.251905025584332,0.6
7.079165500000135,15.467635531381875,0.0
7.993398499999795,15.568144160976816,0.0
8.027401500000611,16.20143389178744,0.6
6.999964500000113,15.44065561172603,0.0
7.952466000000113,15.598740465956901,0.0
7.933821999999733,15.599560243792506,0.0
6.84079099999984,15.387298746068668,0.0
7.66318300000047,15.576582551699275,0.0
7.433564999999853,15.484122930494598,0.0
8.328454000000447,16.24427745407796,0.6
7.237336999999745,15.456347340429378,0.0
7.20657150000028,15.402907937849193,0.0
8.11706899999976,16.223179146274937,0.6
6.767631499999942,15.36682580260882,0.0
8.291497999999798,16.25259235460388,0.6
7.957383499999754,15.604593366744357,0.0
7.770676999999838,15.567030445032106,0.0
7.73520600000014,15.54664813046401,0.0
7.45311650000022,15.507528695450404,0.0
8.508028000000639,16.322738357149813,0.6
6.400471000000517,15.230697775385995,0.0
7.3162125000005584,15.48041605702975,0.0
6.297854000000202,15.231745478013375,0.0
6.281915500000556,15.225621049885609,0.0
6.345597000000432,15.233939422478517,0.0
7.270828499999933,15.457409047603626,0.0
7.682165500000146,15.530952555819086,0.0
7.332398000000477,15.508111912546998,0.0
7.240400000000285,15.463225914961566,0.0
6.95917800000065,15.432103279946649,0.0
6.850609999999774,15.397334023925007,0.0
7.755627500000358,15.540886371539269,0.0
8.623916499999897,16.309903682479682,0.6
6.534793999999783,15.306281574813719,0.0
7.468995500000057,15.50824724127319,0.0
7.504416999999887,15.490388532753013,0.0
6.403710000000434,15.275068226101817,0.0
7.329673000000265,15.486595966400689,0.0
7.07854650000065,15.423157657856146,0.0
8.082499500000255,16.235895691466308,0.6
6.944238500000642,15.424206448998707,0.0
6.526414999999937,15.322193855419027,0.0
8.420002500000047,16.263516437262364,0.6
7.265874500000512,15.47608797806523,0.0
8.055731000000005,16.19114406648794,0.6
7.839301500000294,15.563422065285152,0.0
8.756302000000444,16.297819922470328,0.6
8.636168000000051,16.30147390820205,0.6
6.485848500000092,15.266739428684035,0.0
6.346997499999924,15.220851154820638,0.0
8.15917800000051,16.190847073446104,0.6
9.0482055,15.998166095392659,0.6
10.941367000000207,16.1981983582185,0.6
11.95537849999975,16.20169025086373,0.6
10.952161500000404,16.190317528487295,0.6
10.885854500000502,16.20396905058087,0.6
10.830677500000464,16.195459225120274,0.6
10.7436320000003,16.16381564934049,0.6
9.707588000000195,15.95591355473515,0.6
11.667381000000335,16.303417119495528,0.6
10.568678500000306,16.123048672082746,0.6
10.399093999999938,16.124881657325755,0.6
11.265141500000004,16.221444637318776,0.6
9.153448999999803,15.781205821170843,0.6
12.048002000000038,16.00512640958385,0.6
10.024296500000482,16.03727113331982,0.6
11.108587999999937,16.211902516232243,0.6
9.992841000000258,16.032402455494676,0.6
11.00664250000056,16.207820827570426,0.6
9.860506999999744,15.971466503683303,0.6
11.844358499999945,16.258424244947975,0.6
9.83433149999983,16.015106240834225,0.6
10.830593000000306,16.181504235740082,0.6
9.7315560000005,15.981046405264177,0.6
10.789787499999813,16.16231174660904,0.6
11.785479000000135,16.34099334413196,0.6
9.693161999999734,15.986976468741465,0.6
9.624245000000283,15.896599458549172,0.6
10.674876500000593,16.11431931819302,0.6
11.594387999999983,16.316403434170546,0.6
10.553000999999918,16.120593046749136,0.6
9.507723999999897,15.905263730638548,0.6
10.470435500000267,16.122404832214176,0.6
10.511738500000387,16.111477750025216,0.6
10.47166149999997,16.14000643514665,0.6
11.488483000000377,16.27586026377862,0.6
9.417055999999757,15.878663686882208,0.6
10.332787500000052,16.077439834309363,0.6
9.330230500000404,15.804282279697723,0.6
10.355142000000166,16.073451683269315,0.6
11.319203500000084,16.26571544576411,0.6
9.274576500000013,15.793027963244382,0.6
10.269978000000386,16.054636520372767,0.6
9.2158510000002,15.781548227085404,0.6
9.147265500000268,15.79706998129722,0.6
10.087927000000148,16.02396640755318,0.6
10.020280000000444,16.04696438091753,0.6
10.006492999999818,15.993787544489766,0.6
10.915564500000102,16.18574526824325,0.6
11.911726000000373,16.253539793895015,0.6
9.877408999999966,15.98643375670599,0.6
10.900820500000332,16.180482171507357,0.6
9.828003500000268,15.978009953022589,0.6
10.787476500000306,16.154330216950257,0.6
11.804608000000156,16.31476116121588,0.6
11.773941000000312,16.306855446202132,0.6
9.73315400000055,15.977206333391763,0.6
10.69061549999985,16.191047749778065,0.6
11.624778499999898,16.312434024404986,0.6
10.602071499999964,16.142589943381317,0.6
10.557864500000196,16.145181882566405,0.6
10.525800999999946,16.113724166599077,0.6
9.367478499999923,15.840302488949384,0.6
9.35972149999976,15.872848595018187,0.6
10.30146300000055,16.0727972725685,0.6
9.253816000000374,15.79834799698493,0.6
10.294667500000365,16.080741803138775,0.6
11.224659000000582,16.267915663255863,0.6
9.144262000000099,15.790249080090675,0.6
11.169703500000116,16.242571850358328,0.6
10.146106499999927,15.98223764666009,0.6
12.045699500000172,16.00208166013045,0.6
11.05757249999979,16.206982352868323,0.6
10.99957550000005,16.206245280612862,0.6
12.013517000000453,16.124863075990888,0.6
9.911870000000189,16.014545493623082,0.6
9.834272999999914,15.969782386422372,0.6
10.890954500000184,16.202620008392383,0.6
10.92940750000045,16.16985820870885,0.6
11.841409000000384,16.262468381734077,0.6
9.77970199999978,15.95770469314778,0.6
10.803923500000604,16.177051669325362,0.6
11.742945000000077,16.296983122309985,0.6
9.770608000000072,15.973849897098555,0.6
10.691609500000022,16.170594886572314,0.6
11.67269100000017,16.30990679859964,0.6
10.613105500000252,16.129492675660043,0.6
9.711098499999807,15.959601836217672,0.6
10.560110000000295,16.15260839831804,0.6
11.519681499999953,16.29383184059793,0.6
9.59198450000002,15.892352043709556,0.6
10.446345999999963,16.097750609160293,0.6
10.502227500000433,16.129879687062875,0.6
11.45506900000003,16.23136023741274,0.6
10.460332000000191,16.127552806536805,0.6
11.350923499999839,16.253517832644878,0.6
11.318656500000394,16.28651099693363,0.6
9.319289500000195,15.776653675372334,0.6
9.269402500000218,15.75159467307965,0.6
10.248554000000007,16.093372322696798,0.6
11.176255499999867,16.204403945010462,0.6
9.143518500000472,15.760953648945277,0.6
10.062760000000317,16.00312479747184,0.6
11.16599000000003,16.21611338800693,0.6
9.169381500000465,15.807897150195918,0.6
11.033171499999892,16.193104493288587,0.6
9.145183000000301,15.833077981272647,0.6
10.998632999999913,16.22336373038053,0.6
11.094704500000095,16.216175311405493,0.6
10.003497499999847,16.00101130457536,0.6
10.000849000000072,16.034280196306593,0.6
11.021470499999978,16.242731687890167,0.6
9.966183499999993,16.014619365923874,0.6
10.958515000000613,16.182607130192412,0.6
11.847307999999929,16.288389283688833,0.6
9.810530999999822,15.977722667326516,0.6
11.73734550000059,16.328643243169317,0.6
10.718518499999956,16.197163559866542,0.6
9.68495150000061,15.959552805058742,0.6
10.654012999999727,16.12871734603664,0.6
11.594051000000013,16.256417867378293,0.6
9.476100000000281,15.857522233983246,0.6
11.415413000000287,16.276033578302982,0.6
9.362735999999849,15.830056778349013,0.6
10.329830499999876,16.07486207838459,0.6
9.269966500000336,15.819536488311375,0.6
11.228289500000322,16.253348505926486,0.6
10.095234000000135,16.053315907671475,0.6
11.009466999999796,16.169010594338904,0.6
11.04347000000061,16.230538953990244,0.6
10.016033000000114,16.021300474319677,0.6
10.968534500000114,16.20476404294319,0.6
10.949890499999732,16.185125627424657,0.6
9.85685949999984,16.011463600200248,0.6
10.67925150000047,16.146676802042958,0.6
10.449633499999853,16.076374192249542,0.6
11.344522500000448,16.228984213989943,0.6
10.253405499999745,16.107731029185828,0.6
10.222640000000279,16.02238217405871,0.6
11.13313749999976,16.202429008746776,0.6
9.783699999999941,15.965928584457695,0.6
11.307566499999798,16.270703362590503,0.6
10.973451999999753,16.224773336134977,0.6
10.786745499999839,16.218301562136368,0.6
10.75127450000014,16.140667383370534,0.6
10.469185000000222,16.091219378040577,0.6
11.524096500000638,16.302348924285983,0.6
9.416539500000518,15.876104064080602,0.6
10.33228100000056,16.103091560812906,0.6
9.313922500000203,15.821548188635088,0.6
9.297984000000556,15.812042022603537,0.6
9.361665500000433,15.845474963411057,0.6
10.286896999999934,16.06171897366748,0.6
10.698234000000145,16.14072831498235,0.6
10.348466500000477,16.072902846473017,0.6
10.256468500000285,16.0707400400188,0.6
9.975246500000651,15.991120541298015,0.6
9.866678499999775,15.962430555078885,0.6
10.771696000000357,16.141255020030993,0.6
11.639984999999898,16.313673373275865,0.6
9.550862499999784,15.901584099519823,0.6
10.485064000000056,16.11073636453579,0.6
10.520485499999888,16.12670428107661,0.6
9.419778500000433,15.855885188128065,0.6
10.345741500000265,16.089147611647334,0.6
10.094615000000651,16.07026625559202,0.6
11.098568000000254,16.18907494163987,0.6
9.960307000000643,15.988481320101132,0.6
9.542483499999937,15.895101391905587,0.6
11.436071000000048,16.276874071049573,0.6
10.281943000000513,16.083159682224483,0.6
11.071799500000006,16.181860845157164,0.6
10.855370000000294,16.122350066224456,0.6
11.772370500000445,16.32201222954089,0.6
11.65223650000005,16.312740095369605,0.6
9.501917000000093,15.864485891350164,0.6
9.363065999999924,15.81490833682649,0.6
11.175246500000512,16.237436367187982,0.6
